{
  "fetchedAt": "2026-06-20T12:22:40.728Z",
  "rankings": {
    "iraq": 1447.771454,
    "new-zealand": 1265.18,
    "algeria": 1564.2567,
    "dr-congo": 1474.427761,
    "portugal": 1767.849031,
    "curacao": 1294.76909,
    "iran": 1619.58163,
    "spain": 1877.178865,
    "norway": 1549.992061,
    "japan": 1661.576187,
    "scotland": 1498.350389,
    "england": 1825.965482,
    "netherlands": 1751.097835,
    "jordan": 1391.4544,
    "switzerland": 1662.179176,
    "colombia": 1698.351858,
    "austria": 1597.404087,
    "qatar": 1450.307729,
    "south-korea": 1591.630886,
    "czechia": 1501.3824,
    "mexico": 1684.131607,
    "egypt": 1519.18,
    "saudi-arabia": 1425.678021,
    "morocco": 1716.343617,
    "tunisia": 1479.038673,
    "canada": 1559.479301,
    "ecuador": 1593.241478,
    "senegal": 1645.22503,
    "uruguay": 1672.615179,
    "argentina": 1876.118331,
    "south-africa": 1414.876522,
    "ivory-coast": 1528.215937,
    "australia": 1578.136241,
    "cape-verde": 1366.125478,
    "ghana": 1345.227815,
    "france": 1868.589137,
    "brazil": 1760.458199,
    "belgium": 1730.018643,
    "uzbekistan": 1458.734068,
    "germany": 1735.771984,
    "panama": 1540.598716,
    "paraguay": 1488.048969,
    "united-states": 1688.53482,
    "haiti": 1291.711814,
    "sweden": 1487.129128,
    "bosnia-and-herzegovina": 1395.190983,
    "croatia": 1712.606573,
    "turkiye": 1592.434728
  }
}
