{
  "fetchedAt": "2026-06-04T09:24:14.276Z",
  "rankings": {
    "iraq": 1436.943164,
    "new-zealand": 1265.18,
    "jamaica": 1363.956877,
    "senegal": 1645.22503,
    "algeria": 1564.2567,
    "south-korea": 1593.714926,
    "japan": 1650.118048,
    "curacao": 1294.652918,
    "saudi-arabia": 1425.678021,
    "iran": 1618.517352,
    "cape-verde": 1366.125478,
    "uzbekistan": 1465.342534,
    "jordan": 1391.4544,
    "ghana": 1345.227815,
    "scotland": 1498.350389,
    "england": 1824.301734,
    "morocco": 1716.343617,
    "switzerland": 1662.179176,
    "qatar": 1454.958587,
    "ivory-coast": 1528.215937,
    "austria": 1590.761831,
    "egypt": 1525.307155,
    "tunisia": 1479.038673,
    "ecuador": 1589.38,
    "uruguay": 1672.615179,
    "netherlands": 1756.272674,
    "argentina": 1870.32,
    "south-africa": 1433.754124,
    "australia": 1578.136241,
    "spain": 1877.178865,
    "germany": 1716.705142,
    "mexico": 1682.112154,
    "paraguay": 1501.50072,
    "united-states": 1677.34376,
    "panama": 1517.66,
    "haiti": 1291.711814,
    "canada": 1556.482247,
    "colombia": 1695.722879,
    "portugal": 1759.617254,
    "belgium": 1740.009917,
    "brazil": 1760.458199,
    "france": 1868.589137,
    "croatia": 1712.606573,
    "bosnia-and-herzegovina": 1385.838723,
    "turkiye": 1592.434728,
    "czechia": 1501.3824,
    "norway": 1549.992061,
    "sweden": 1487.129128
  }
}
